Customer_ID,Best_Offer
Customer_708,1
Customer_47,1
Customer_3995,1
Customer_1513,1
Customer_3686,1
Customer_2835,1
Customer_2492,1
Customer_4192,1
Customer_6865,1
Customer_6354,1
Customer_1010,1
Customer_2707,1
Customer_4304,1
Customer_3126,1
Customer_7716,1
Customer_4373,1
Customer_1002,1
Customer_315,1
Customer_8052,1
Customer_9079,1
Customer_6848,1
Customer_1496,1
Customer_3601,1
Customer_6375,1
Customer_965,1
Customer_2389,1
Customer_2862,1
Customer_4326,1
Customer_3891,1
Customer_2221,1
Customer_8919,1
Customer_3352,1
Customer_1691,1
Customer_93,1
Customer_6657,1
Customer_1728,1
Customer_2698,1
Customer_6686,1
Customer_2865,1
Customer_5100,1
Customer_4085,1
Customer_3755,1
Customer_9100,1
Customer_8365,1
Customer_1180,1
Customer_8905,1
Customer_1175,1
Customer_653,1
Customer_6523,1
Customer_2439,1
Customer_5521,1
Customer_3346,1
Customer_5992,1
Customer_6946,1
Customer_8376,1
Customer_9080,1
Customer_7847,1
Customer_5723,1
Customer_7945,1
Customer_447,1
Customer_2812,1
Customer_7613,1
Customer_5349,1
Customer_7695,1
Customer_5362,1
Customer_4301,1
Customer_5969,1
Customer_620,1
Customer_248,1
Customer_1501,1
Customer_3433,1
Customer_7370,1
Customer_4471,1
Customer_2344,1
Customer_3749,1
Customer_7963,1
Customer_7622,1
Customer_7213,1
Customer_4169,1
Customer_2777,1
Customer_1153,1
Customer_6220,1
Customer_8539,1
Customer_3532,1
Customer_4836,1
Customer_4791,1
Customer_8535,1
Customer_6401,1
Customer_5107,1
Customer_6339,1
Customer_8431,1
Customer_4581,1
Customer_4119,1
Customer_8588,1
Customer_2166,1
Customer_318,1
Customer_4329,1
Customer_5564,1
Customer_4686,1
Customer_511,1
Customer_4511,1
Customer_7765,1
Customer_6312,1
Customer_4663,1
Customer_8479,1
Customer_6087,1
Customer_2680,1
Customer_7549,1
Customer_7720,1
Customer_1488,1
Customer_7292,1
Customer_3518,1
Customer_5193,1
Customer_5613,1
Customer_6916,1
Customer_8708,1
Customer_5209,1
Customer_2651,1
Customer_8665,1
Customer_2499,1
Customer_7925,1
Customer_8083,1
Customer_3204,1
Customer_2999,1
Customer_8727,1
Customer_8099,1
Customer_7918,1
Customer_2944,1
Customer_6051,1
Customer_4467,1
Customer_7740,1
Customer_5034,1
Customer_9035,1
Customer_95,1
Customer_5953,1
Customer_8532,1
Customer_4480,1
Customer_2884,1
Customer_1851,1
Customer_1183,1
Customer_4317,1
Customer_2954,1
Customer_8039,1
Customer_1527,1
Customer_119,1
Customer_4415,1
Customer_8250,1
Customer_8358,1
Customer_1922,1
Customer_2650,1
Customer_5741,1
Customer_1402,1
Customer_1406,1
Customer_8858,1
Customer_5171,1
Customer_647,1
Customer_7844,1
Customer_3017,1
Customer_2984,1
Customer_267,1
Customer_4879,1
Customer_80,1
Customer_6692,1
Customer_8816,1
Customer_5653,1
Customer_2922,1
Customer_3616,1
Customer_4602,1
Customer_7470,1
Customer_6498,1
Customer_3533,1
Customer_6512,1
Customer_3469,1
Customer_3397,1
Customer_3680,1
Customer_6448,1
Customer_457,1
Customer_3172,1
Customer_7909,1
Customer_7751,1
Customer_3666,1
Customer_4586,1
Customer_6152,1
Customer_2067,1
Customer_4421,1
Customer_1413,1
Customer_3931,1
Customer_8500,1
Customer_7468,1
Customer_3837,1
Customer_7843,1
Customer_7000,1
Customer_6062,1
Customer_1188,1
Customer_8092,1
Customer_6361,1
Customer_4512,1
Customer_563,1
Customer_169,1
Customer_908,1
Customer_5336,1
Customer_8219,1
Customer_360,1
Customer_3297,1
Customer_6695,1
Customer_2354,1
Customer_8778,1
Customer_1945,1
Customer_286,1
Customer_6383,1
Customer_3708,1
Customer_3887,1
Customer_7061,1
Customer_88,1
Customer_6847,1
Customer_6653,1
Customer_4296,1
Customer_330,1
Customer_6249,1
Customer_5770,1
Customer_8021,1
Customer_7104,1
Customer_743,1
Customer_1614,1
Customer_1550,1
Customer_7985,1
Customer_1068,1
Customer_1452,1
Customer_1729,1
Customer_1608,1
Customer_6663,1
Customer_1372,1
Customer_7626,1
Customer_5430,1
Customer_5382,1
Customer_6491,1
Customer_8071,1
Customer_6363,1
Customer_3658,1
Customer_2022,1
Customer_3024,1
Customer_2728,1
Customer_6751,1
Customer_2498,1
Customer_8168,1
Customer_76,1
Customer_4919,1
Customer_2239,1
Customer_7505,1
Customer_2582,1
Customer_2228,1
Customer_3312,1
Customer_4787,1
Customer_3870,1
Customer_2150,1
Customer_736,1
Customer_2167,1
Customer_2132,1
Customer_2770,1
Customer_4464,1
Customer_4634,1
Customer_474,1
Customer_1915,1
Customer_1483,1
Customer_8757,1
Customer_2215,1
Customer_5246,1
Customer_761,1
Customer_5682,1
Customer_7864,1
Customer_8374,1
Customer_4407,1
Customer_6108,1
Customer_6193,1
Customer_5114,1
Customer_8634,1
Customer_4982,1
Customer_265,1
Customer_4217,1
Customer_3437,1
Customer_5418,1
Customer_7741,1
Customer_1770,1
Customer_4038,1
Customer_1720,1
Customer_8697,1
Customer_5705,1
Customer_582,1
Customer_5317,1
Customer_5098,1
Customer_4098,1
Customer_1747,1
Customer_7356,1
Customer_1349,1
Customer_1145,1
Customer_1962,1
Customer_6348,1
Customer_6516,1
Customer_1076,1
Customer_6219,1
Customer_3429,1
Customer_733,1
Customer_2858,1
Customer_3148,1
Customer_8939,1
Customer_4715,1
Customer_8255,1
Customer_6580,1
Customer_927,1
Customer_8966,1
Customer_5096,1
Customer_2549,1
Customer_7755,1
Customer_8983,1
Customer_3044,1
Customer_8859,1
Customer_1018,1
Customer_1414,1
Customer_5597,1
Customer_7447,1
Customer_4701,1
Customer_9132,1
Customer_2982,1
Customer_4766,1
Customer_2766,1
Customer_4844,1
Customer_3122,1
Customer_8220,1
Customer_1313,1
Customer_2576,1
Customer_8876,1
Customer_5152,1
Customer_5353,1
Customer_7677,1
Customer_4934,1
Customer_5059,1
Customer_7185,1
Customer_6360,1
Customer_1603,1
Customer_3063,1
Customer_5388,1
Customer_8843,1
Customer_828,1
Customer_106,1
Customer_6242,1
Customer_1417,1
Customer_6885,1
Customer_9001,1
Customer_4353,1
Customer_592,1
Customer_7700,1
Customer_7296,1
Customer_7890,1
Customer_2641,1
Customer_3130,1
Customer_3960,1
Customer_212,1
Customer_8206,1
Customer_700,1
Customer_1662,1
Customer_4983,1
Customer_7990,1
Customer_4441,1
Customer_8660,1
Customer_1263,1
Customer_3272,1
Customer_1543,1
Customer_6622,1
Customer_4709,1
Customer_4692,1
Customer_107,1
Customer_8940,1
Customer_4269,1
Customer_5584,1
Customer_2881,1
Customer_7460,1
Customer_6394,1
Customer_2260,1
Customer_1090,1
Customer_3916,1
Customer_8256,1
Customer_1745,1
Customer_5140,1
Customer_9027,1
Customer_1557,1
Customer_1934,1
Customer_4747,1
Customer_4794,1
Customer_8183,1
Customer_3836,1
Customer_624,1
Customer_239,1
Customer_1472,1
Customer_9098,1
Customer_4338,1
Customer_222,1
Customer_940,1
Customer_5781,1
Customer_2678,1
Customer_2833,1
Customer_1253,1
Customer_1393,1
Customer_1034,1
Customer_7340,1
Customer_131,1
Customer_8203,1
Customer_2227,1
Customer_2533,1
Customer_5955,1
Customer_2864,1
Customer_7420,1
Customer_2726,1
Customer_1512,1
Customer_6518,1
Customer_3626,1
Customer_4990,1
Customer_7178,1
Customer_8855,1
Customer_5019,1
Customer_7922,1
Customer_6255,1
Customer_8481,1
Customer_3971,1
Customer_623,1
Customer_5032,1
Customer_2870,1
Customer_1314,1
Customer_6705,1
Customer_5552,1
Customer_4707,1
Customer_1055,1
Customer_2684,1
Customer_5862,1
Customer_9123,1
Customer_5522,1
Customer_5749,1
Customer_1593,1
Customer_92,1
Customer_4302,1
Customer_1322,1
Customer_1022,1
Customer_5011,1
Customer_8740,1
Customer_7281,1
Customer_6110,1
Customer_7853,1
Customer_9109,1
Customer_7611,1
Customer_6574,1
Customer_2860,1
Customer_4446,1
Customer_3880,1
Customer_6169,1
Customer_3693,1
Customer_6897,1
Customer_4385,1
Customer_3855,1
Customer_1954,1
Customer_2246,1
Customer_5970,1
Customer_3934,1
Customer_1981,1
Customer_7236,1
Customer_6589,1
Customer_2098,1
Customer_567,1
Customer_8068,1
Customer_2926,1
Customer_1790,1
Customer_6723,1
Customer_1746,1
Customer_4687,1
Customer_4721,1
Customer_3481,1
Customer_5436,1
Customer_5762,1
Customer_2729,1
Customer_2164,1
Customer_4694,1
Customer_2404,1
Customer_6181,1
Customer_4695,1
Customer_3412,1
Customer_2251,1
Customer_321,1
Customer_6566,1
Customer_4708,1
Customer_554,1
Customer_8925,1
Customer_5894,1
Customer_7873,1
Customer_3027,1
Customer_1162,1
Customer_6693,1
Customer_1803,1
Customer_3307,1
Customer_4128,1
Customer_5809,1
Customer_8914,1
Customer_509,1
Customer_3256,1
Customer_5045,1
Customer_2754,1
Customer_518,1
Customer_1862,1
Customer_6112,1
Customer_2818,1
Customer_2517,1
Customer_7212,1
Customer_7224,1
Customer_8947,1
Customer_3208,1
Customer_6123,1
Customer_1793,1
Customer_8044,1
Customer_2483,1
Customer_3016,1
Customer_2302,1
Customer_8382,1
Customer_4951,1
Customer_8499,1
Customer_14,1
Customer_5709,1
Customer_866,1
Customer_2407,1
Customer_1087,1
Customer_4299,1
Customer_8246,1
Customer_8214,1
Customer_6961,1
Customer_3527,1
Customer_6495,1
Customer_6840,1
Customer_2748,1
Customer_6299,1
Customer_6065,1
Customer_5888,1
Customer_3790,1
Customer_2760,1
Customer_1780,1
Customer_765,1
Customer_4029,1
Customer_8233,1
Customer_5111,1
Customer_1558,1
Customer_7974,1
Customer_711,1
Customer_2795,1
Customer_6321,1
Customer_586,1
Customer_7199,1
Customer_4222,1
Customer_6478,1
Customer_5925,1
Customer_2995,1
Customer_4313,1
Customer_3254,1
Customer_8982,1
Customer_4156,1
Customer_9127,1
Customer_7193,1
Customer_8849,1
Customer_7557,1
Customer_7227,1
Customer_4427,1
Customer_4252,1
Customer_5700,1
Customer_2157,1
Customer_1038,1
Customer_3383,1
Customer_5304,1
Customer_2521,1
Customer_3400,1
Customer_6774,1
Customer_3286,1
Customer_7394,1
Customer_1791,1
Customer_763,1
Customer_2213,1
Customer_6841,1
Customer_764,1
Customer_1297,1
Customer_3869,1
Customer_8955,1
Customer_2874,1
Customer_1616,1
Customer_5558,1
Customer_4730,1
Customer_747,1
Customer_2921,1
Customer_9006,1
Customer_5867,1
Customer_1195,1
Customer_3784,1
Customer_3704,1
Customer_1684,1
Customer_2321,1
Customer_8741,1
Customer_4450,1
Customer_2420,1
Customer_8403,1
Customer_7247,1
Customer_6085,1
Customer_7105,1
Customer_2648,1
Customer_1318,1
Customer_7371,1
Customer_8490,1
Customer_221,1
Customer_1430,1
Customer_7103,1
Customer_7878,1
Customer_6517,1
Customer_8067,1
Customer_4775,1
Customer_7542,1
Customer_5199,1
Customer_6014,1
Customer_5595,1
Customer_6796,1
Customer_6725,1
Customer_8577,1
Customer_2706,1
Customer_5731,1
Customer_4347,1
Customer_465,1
Customer_4502,1
Customer_4284,1
Customer_5531,1
Customer_730,1
Customer_7680,1
Customer_8397,1
Customer_1084,1
Customer_7367,1
Customer_5020,1
Customer_7865,1
Customer_7144,1
Customer_3767,1
Customer_4509,1
Customer_1147,1
Customer_7559,1
Customer_8544,1
Customer_7895,1
Customer_5074,1
Customer_4397,1
Customer_3946,1
Customer_8398,1
Customer_2115,1
Customer_8670,1
Customer_304,1
Customer_5168,1
Customer_6564,1
Customer_8213,1
Customer_6520,1
Customer_2628,1
Customer_8590,1
Customer_5910,1
Customer_3050,1
Customer_1963,1
Customer_1817,1
Customer_994,1
Customer_668,1
Customer_5284,1
Customer_5196,1
Customer_3480,1
Customer_7650,1
Customer_6500,1
Customer_7812,1
Customer_1199,1
Customer_4993,1
Customer_2691,1
Customer_211,1
Customer_856,1
Customer_5428,1
Customer_5587,1
Customer_4580,1
Customer_5528,1
Customer_5339,1
Customer_3608,1
Customer_7384,1
Customer_7582,1
Customer_4537,1
Customer_8345,1
Customer_4568,1
Customer_8869,1
Customer_6989,1
Customer_7397,1
Customer_7283,1
Customer_12,1
Customer_6074,1
Customer_9095,1
Customer_2513,1
Customer_8326,1
Customer_5654,1
Customer_6759,1
Customer_4883,1
Customer_6832,1
Customer_1315,1
Customer_37,1
Customer_7337,1
Customer_932,1
Customer_19,1
Customer_3365,1
Customer_3125,1
Customer_4414,1
Customer_2595,1
Customer_2473,1
Customer_1078,1
Customer_4996,1
Customer_538,1
Customer_7808,1
Customer_789,1
Customer_8008,1
Customer_2018,1
Customer_1071,1
Customer_7277,1
Customer_2918,1
Customer_8542,1
Customer_676,1
Customer_1559,1
Customer_6572,1
Customer_5266,1
Customer_879,1
Customer_346,1
Customer_5621,1
Customer_3955,1
Customer_4189,1
Customer_7762,1
Customer_4381,1
Customer_1672,1
Customer_4048,1
Customer_3969,1
Customer_6794,1
Customer_6397,1
Customer_3087,1
Customer_1877,1
Customer_7888,1
Customer_4041,1
Customer_5882,1
Customer_2742,1
Customer_1144,1
Customer_1617,1
Customer_6003,1
Customer_3555,1
Customer_2464,1
Customer_4817,1
Customer_7359,1
Customer_5224,1
Customer_7050,1
Customer_1516,1
Customer_6489,1
Customer_2133,1
Customer_1222,1
Customer_2303,1
Customer_6137,1
Customer_4077,1
Customer_8936,1
Customer_5360,1
Customer_8620,1
Customer_333,1
Customer_5466,1
Customer_3248,1
Customer_1730,1
Customer_2510,1
Customer_2609,1
Customer_8569,1
Customer_5701,1
Customer_6268,1
Customer_7633,1
Customer_8410,1
Customer_6143,1
Customer_2142,1
Customer_2214,1
Customer_7049,1
Customer_8557,1
Customer_6889,1
Customer_5502,1
Customer_5103,1
Customer_8269,1
Customer_5706,1
Customer_3290,1
Customer_5386,1
Customer_5247,1
Customer_4151,1
Customer_4275,1
Customer_23,1
Customer_2458,1
Customer_4024,1
Customer_6547,1
Customer_3649,1
Customer_8693,1
Customer_4756,1
Customer_5939,1
Customer_5049,1
Customer_8448,1
Customer_5829,1
Customer_6750,1
Customer_3872,1
Customer_4245,1
Customer_4786,1
Customer_8817,1
Customer_4626,1
Customer_4322,1
Customer_7896,1
Customer_2094,1
Customer_6912,1
Customer_8104,1
Customer_6009,1
Customer_1339,1
Customer_8783,1
Customer_8142,1
Customer_496,1
Customer_3522,1
Customer_8495,1
Customer_7017,1
Customer_4824,1
Customer_1056,1
Customer_7829,1
Customer_3035,1
Customer_5234,1
Customer_33,1
Customer_3949,1
Customer_50,1
Customer_2826,1
Customer_6440,1
Customer_2388,1
Customer_9110,1
Customer_7032,1
Customer_1794,1
Customer_7628,1
Customer_500,1
Customer_8913,1
Customer_5832,1
Customer_3026,1
Customer_8565,1
Customer_3090,1
Customer_8295,1
Customer_3149,1
Customer_5583,1
Customer_6650,1
Customer_2638,1
Customer_5272,1
Customer_6445,1
Customer_6603,1
Customer_3991,1
Customer_245,1
Customer_149,1
Customer_3578,1
Customer_185,1
Customer_2602,1
Customer_758,1
Customer_7466,1
Customer_5337,1
Customer_4127,1
Customer_6119,1
Customer_8289,1
Customer_1732,1
Customer_4903,1
Customer_1928,1
Customer_4793,1
Customer_5250,1
Customer_6715,1
Customer_6835,1
Customer_5229,1
Customer_5835,1
Customer_8098,1
Customer_8193,1
Customer_550,1
Customer_1429,1
Customer_8090,1
Customer_8260,1
Customer_1718,1
Customer_6539,1
Customer_1046,1
Customer_17,1
Customer_5365,1
Customer_4842,1
Customer_3367,1
Customer_2622,1
Customer_3032,1
Customer_2232,1
Customer_3761,1
Customer_6535,1
Customer_4319,1
Customer_5769,1
Customer_4588,1
Customer_6793,1
Customer_6537,1
Customer_7586,1
Customer_4623,1
Customer_4785,1
Customer_6358,1
Customer_9038,1
Customer_5316,1
Customer_6395,1
Customer_8074,1
Customer_2165,1
Customer_2820,1
Customer_7332,1
Customer_2036,1
Customer_7354,1
Customer_168,1
Customer_6417,1
Customer_8332,1
Customer_8702,1
Customer_1156,1
Customer_7919,1
Customer_6462,1
Customer_9003,1
Customer_2312,1
Customer_960,1
Customer_3548,1
Customer_5715,1
Customer_2481,1
Customer_6501,1
Customer_5942,1
Customer_718,1
Customer_5438,1
Customer_9058,1
Customer_3540,1
Customer_9101,1
Customer_487,1
Customer_7871,1
Customer_1127,1
Customer_6743,1
Customer_9064,1
Customer_6032,1
Customer_4821,1
Customer_4295,1
Customer_1295,1
Customer_3165,1
Customer_4981,1
Customer_6120,1
Customer_6450,1
Customer_8377,1
Customer_6068,1
Customer_3133,1
Customer_6114,1
Customer_2802,1
Customer_5489,1
Customer_3100,1
Customer_9004,1
Customer_8224,1
Customer_8475,1
Customer_353,1
Customer_6507,1
Customer_8837,1
Customer_1470,1
Customer_483,1
Customer_7327,1
Customer_6486,1
Customer_8707,1
Customer_4412,1
Customer_5389,1
Customer_3620,1
Customer_5313,1
Customer_2882,1
Customer_7136,1
Customer_1642,1
Customer_3857,1
Customer_4315,1
Customer_5143,1
Customer_5647,1
Customer_4084,1
Customer_4700,1
Customer_7071,1
Customer_453,1
Customer_766,1
Customer_6324,1
Customer_5858,1
Customer_6174,1
Customer_2515,1
Customer_682,1
Customer_8604,1
Customer_5950,1
Customer_2107,1
Customer_3002,1
Customer_7033,1
Customer_2718,1
Customer_5515,1
Customer_7006,1
Customer_6770,1
Customer_1123,1
Customer_2484,1
Customer_7459,1
Customer_7097,1
Customer_7503,1
Customer_3692,1
Customer_3018,1
Customer_5861,1
Customer_4582,1
Customer_5912,1
Customer_9072,1
Customer_3274,1
Customer_5015,1
Customer_6985,1
Customer_5227,1
Customer_3625,1
Customer_7607,1
Customer_7383,1
Customer_3454,1
Customer_6142,1
Customer_1699,1
Customer_429,1
Customer_1446,1
Customer_7462,1
Customer_385,1
Customer_921,1
Customer_4704,1
Customer_8239,1
Customer_9119,1
Customer_1057,1
Customer_9031,1
Customer_2210,1
Customer_1287,1
Customer_5964,1
Customer_4339,1
Customer_5419,1
Customer_7372,1
Customer_637,1
Customer_3979,1
Customer_7070,1
Customer_233,1
Customer_3154,1
Customer_3150,1
Customer_2697,1
Customer_4043,1
Customer_811,1
Customer_3487,1
Customer_6266,1
Customer_1731,1
Customer_1570,1
Customer_1615,1
Customer_7251,1
Customer_5649,1
Customer_5457,1
Customer_5403,1
Customer_5652,1
Customer_8170,1
Customer_101,1
Customer_319,1
Customer_5629,1
Customer_2508,1
Customer_625,1
Customer_6227,1
Customer_7614,1
Customer_2245,1
Customer_6204,1
Customer_8407,1
Customer_334,1
Customer_4010,1
Customer_1330,1
Customer_5851,1
Customer_5696,1
Customer_5279,1
Customer_461,1
Customer_1052,1
Customer_1670,1
Customer_8,1
Customer_99,1
Customer_4001,1
Customer_6352,1
Customer_7189,1
Customer_31,1
Customer_3146,1
Customer_6407,1
Customer_6091,1
Customer_540,1
Customer_1479,1
Customer_8997,1
Customer_7269,1
Customer_3053,1
Customer_1142,1
Customer_8259,1
Customer_7453,1
Customer_7150,1
Customer_1112,1
Customer_8026,1
Customer_3422,1
Customer_5909,1
Customer_5623,1
Customer_4374,1
Customer_3209,1
Customer_601,1
Customer_1328,1
Customer_6634,1
Customer_2588,1
Customer_1044,1
Customer_7884,1
Customer_9025,1
Customer_5332,1
Customer_1095,1
Customer_5274,1
Customer_291,1
Customer_3238,1
Customer_8711,1
Customer_6214,1
Customer_618,1
Customer_2957,1
Customer_594,1
Customer_4750,1
Customer_3263,1
Customer_6594,1
Customer_4894,1
Customer_2478,1
Customer_1807,1
Customer_1840,1
Customer_2272,1
Customer_8867,1
Customer_9112,1
Customer_7018,1
Customer_5412,1
Customer_4717,1
Customer_4382,1
Customer_7550,1
Customer_5610,1
Customer_6773,1
Customer_7782,1
Customer_5137,1
Customer_4091,1
Customer_4834,1
Customer_8779,1
Customer_2716,1
Customer_3535,1
Customer_8272,1
Customer_1688,1
Customer_5273,1
Customer_4564,1
Customer_3131,1
Customer_5306,1
Customer_5426,1
Customer_6026,1
Customer_7637,1
Customer_6307,1
Customer_8088,1
Customer_1149,1
Customer_4812,1
Customer_1937,1
Customer_7067,1
Customer_2880,1
Customer_4629,1
Customer_3095,1
Customer_8503,1
Customer_5663,1
Customer_748,1
Customer_8447,1
Customer_6386,1
Customer_1575,1
Customer_8917,1
Customer_1426,1
Customer_1126,1
Customer_7139,1
Customer_4279,1
Customer_4923,1
Customer_1569,1
Customer_6758,1
Customer_6728,1
Customer_7477,1
Customer_6923,1
Customer_6839,1
Customer_5354,1
Customer_2249,1
Customer_4051,1
Customer_6317,1
Customer_3662,1
Customer_664,1
Customer_2586,1
Customer_841,1
Customer_6296,1
Customer_8669,1
Customer_3037,1
Customer_7426,1
Customer_833,1
Customer_4868,1
Customer_5363,1
Customer_872,1
Customer_4716,1
Customer_3984,1
Customer_3320,1
Customer_5702,1
Customer_6194,1
Customer_3942,1
Customer_8288,1
Customer_1277,1
Customer_4331,1
Customer_3981,1
Customer_3886,1
Customer_6377,1
Customer_8101,1
Customer_7867,1
Customer_4972,1
Customer_7223,1
Customer_411,1
Customer_7642,1
Customer_1832,1
Customer_7234,1
Customer_1978,1
Customer_6532,1
Customer_5092,1
Customer_1726,1
Customer_7556,1
Customer_604,1
Customer_30,1
Customer_1671,1
Customer_263,1
Customer_2816,1
Customer_247,1
Customer_852,1
Customer_1835,1
Customer_8841,1
Customer_199,1
Customer_532,1
Customer_2615,1
Customer_8057,1
Customer_5030,1
Customer_5255,1
Customer_455,1
Customer_1197,1
Customer_5381,1
Customer_3892,1
Customer_2225,1
Customer_7905,1
Customer_4513,1
Customer_2955,1
Customer_4764,1
Customer_6558,1
Customer_2008,1
Customer_3404,1
Customer_7870,1
Customer_6350,1
Customer_1373,1
Customer_8153,1
Customer_6130,1
Customer_3905,1
Customer_6688,1
Customer_8331,1
Customer_7349,1
Customer_3994,1
Customer_217,1
Customer_1005,1
Customer_4335,1
Customer_7015,1
Customer_3325,1
Customer_7084,1
Customer_8086,1
Customer_2846,1
Customer_3777,1
Customer_6969,1
Customer_675,1
Customer_4099,1
Customer_1740,1
Customer_8409,1
Customer_7487,1
Customer_229,1
Customer_6977,1
Customer_7254,1
Customer_4198,1
Customer_5707,1
Customer_6890,1
Customer_8291,1
Customer_4613,1
Customer_8567,1
Customer_2002,1
Customer_6060,1
Customer_1595,1
Customer_2034,1
Customer_3143,1
Customer_6553,1
Customer_1649,1
Customer_7619,1
Customer_3434,1
Customer_2373,1
Customer_7636,1
Customer_2152,1
Customer_337,1
Customer_7475,1
Customer_5957,1
Customer_9086,1
Customer_1400,1
Customer_5170,1
Customer_5993,1
Customer_4963,1
Customer_6956,1
Customer_7717,1
Customer_1226,1
Customer_96,1
Customer_4341,1
Customer_2897,1
Customer_7948,1
Customer_8768,1
Customer_6984,1
Customer_4604,1
Customer_4482,1
Customer_8404,1
Customer_3570,1
Customer_1017,1
Customer_3846,1
Customer_3720,1
Customer_4141,1
Customer_8941,1
Customer_350,1
Customer_5934,1
Customer_8343,1
Customer_2919,1
Customer_8704,1
Customer_5710,1
Customer_8685,1
Customer_2859,1
Customer_4640,1
Customer_1210,1
Customer_7902,1
Customer_5022,1
Customer_7066,1
Customer_1383,1
Customer_4264,1
Customer_5350,1
Customer_742,1
Customer_180,1
Customer_1115,1
Customer_7621,1
Customer_349,1
Customer_8080,1
Customer_3393,1
Customer_8179,1
Customer_4122,1
Customer_6942,1
Customer_3914,1
Customer_81,1
Customer_6625,1
Customer_7661,1
Customer_4071,1
Customer_6861,1
Customer_831,1
Customer_6017,1
Customer_1606,1
Customer_6196,1
Customer_5562,1
Customer_8234,1
Customer_5606,1
Customer_1768,1
Customer_9016,1
Customer_1888,1
Customer_7087,1
Customer_4693,1
Customer_2083,1
Customer_7836,1
Customer_2554,1
Customer_7461,1
Customer_7289,1
Customer_4355,1
Customer_2006,1
Customer_8759,1
Customer_710,1
Customer_2531,1
Customer_5698,1
Customer_3852,1
Customer_6838,1
Customer_4477,1
Customer_4439,1
Customer_3817,1
Customer_6660,1
Customer_5740,1
Customer_1369,1
Customer_8408,1
Customer_6649,1
Customer_9049,1
Customer_1139,1
Customer_6135,1
Customer_4140,1
Customer_4375,1
Customer_8658,1
Customer_2177,1
Customer_7981,1
Customer_3244,1
Customer_172,1
Customer_7111,1
Customer_4292,1
Customer_39,1
Customer_1561,1
Customer_8313,1
Customer_9023,1
Customer_5863,1
Customer_4060,1
Customer_2603,1
Customer_2986,1
Customer_5669,1
Customer_4984,1
Customer_2939,1
Customer_8674,1
Customer_2453,1
Customer_7299,1
Customer_4920,1
Customer_2794,1
Customer_7879,1
Customer_4216,1
Customer_533,1
Customer_1758,1
Customer_6720,1
Customer_6900,1
Customer_7023,1
Customer_65,1
Customer_6400,1
Customer_2952,1
Customer_354,1
Customer_3438,1
Customer_1650,1
Customer_2276,1
Customer_4344,1
Customer_6648,1
Customer_5516,1
Customer_7935,1
Customer_9042,1
Customer_1665,1
Customer_472,1
Customer_8483,1
Customer_3768,1
Customer_4617,1
Customer_5599,1
Customer_6998,1
Customer_1765,1
Customer_868,1
Customer_1739,1
Customer_323,1
Customer_8242,1
Customer_4267,1
Customer_3379,1
Customer_5458,1
Customer_1623,1
Customer_6641,1
Customer_8519,1
Customer_5834,1
Customer_5128,1
Customer_1075,1
Customer_3094,1
Customer_1254,1
Customer_3381,1
Customer_7197,1
Customer_5581,1
Customer_3091,1
Customer_8215,1
Customer_4918,1
Customer_5488,1
Customer_5609,1
Customer_6983,1
Customer_73,1
Customer_2111,1
Customer_4333,1
Customer_8629,1
Customer_7322,1
Customer_5422,1
Customer_4050,1
Customer_8238,1
Customer_8709,1
Customer_1509,1
Customer_6325,1
Customer_7324,1
Customer_1918,1
Customer_118,1
Customer_1737,1
Customer_5097,1
Customer_4927,1
Customer_7635,1
Customer_3624,1
Customer_1219,1
Customer_4886,1
Customer_3378,1
Customer_3106,1
Customer_1897,1
Customer_6470,1
Customer_3621,1
Customer_449,1
Customer_3410,1
Customer_5612,1
Customer_2291,1
Customer_2620,1
Customer_6256,1
Customer_177,1
Customer_132,1
Customer_4076,1
Customer_1992,1
Customer_1374,1
Customer_8385,1
Customer_0,1
Customer_2807,1
Customer_2025,1
Customer_3428,1
Customer_6231,1
Customer_4631,1
Customer_7685,1
Customer_8749,1
Customer_2145,1
Customer_5294,1
Customer_3395,1
Customer_1783,1
Customer_6716,1
Customer_5244,1
Customer_5268,1
Customer_8016,1
Customer_7273,1
Customer_408,1
Customer_6559,1
Customer_5634,1
Customer_4881,1
Customer_1027,1
Customer_157,1
Customer_1421,1
Customer_388,1
Customer_7616,1
Customer_2127,1
Customer_8292,1
Customer_2543,1
Customer_8597,1
Customer_4659,1
Customer_712,1
Customer_5164,1
Customer_510,1
Customer_1061,1
Customer_7244,1
Customer_5027,1
Customer_5786,1
Customer_1502,1
Customer_4031,1
Customer_1701,1
Customer_2273,1
Customer_4472,1
Customer_678,1
Customer_5598,1
Customer_5366,1
Customer_8871,1
Customer_1741,1
Customer_3498,1
Customer_6817,1
Customer_957,1
Customer_5221,1
Customer_8643,1
Customer_5930,1
Customer_6854,1
Customer_3445,1
Customer_8348,1
Customer_724,1
Customer_4937,1
Customer_4864,1
Customer_5271,1
Customer_7072,1
Customer_794,1
Customer_2771,1
Customer_2072,1
Customer_5648,1
Customer_5764,1
Customer_251,1
Customer_3418,1
Customer_2495,1
Customer_4007,1
Customer_9130,1
Customer_8297,1
Customer_2319,1
Customer_3064,1
Customer_3780,1
Customer_1233,1
Customer_3128,1
Customer_2683,1
Customer_1631,1
Customer_6252,1
Customer_7195,1
Customer_6951,1
Customer_1568,1
Customer_3455,1
Customer_7451,1
Customer_5708,1
Customer_4383,1
Customer_7168,1
Customer_3441,1
Customer_4042,1
Customer_4601,1
Customer_7745,1
Customer_4246,1
Customer_3677,1
Customer_1396,1
Customer_8748,1
Customer_6129,1
Customer_3728,1
Customer_2233,1
Customer_1042,1
Customer_611,1
Customer_5214,1
Customer_5638,1
Customer_2663,1
Customer_6568,1
Customer_6398,1
Customer_7538,1
Customer_5125,1
Customer_2605,1
Customer_6581,1
Customer_6929,1
Customer_8439,1
Customer_6364,1
Customer_2199,1
Customer_503,1
Customer_3132,1
Customer_274,1
Customer_1345,1
Customer_4880,1
Customer_3774,1
Customer_6355,1
Customer_5425,1
Customer_3392,1
Customer_6933,1
Customer_6513,1
Customer_7063,1
Customer_7787,1
Customer_2548,1
Customer_108,1
Customer_683,1
Customer_6191,1
Customer_5323,1
Customer_997,1
Customer_1626,1
Customer_8144,1
Customer_1176,1
Customer_1346,1
Customer_7194,1
Customer_744,1
Customer_8451,1
Customer_4609,1
Customer_2441,1
Customer_5228,1
Customer_7914,1
Customer_2075,1
Customer_2377,1
Customer_7401,1
Customer_5662,1
Customer_8799,1
Customer_7510,1
Customer_6167,1
Customer_1941,1
Customer_4113,1
Customer_3082,1
Customer_693,1
Customer_485,1
Customer_4306,1
Customer_8616,1
Customer_982,1
Customer_1261,1
Customer_79,1
Customer_4202,1
Customer_6785,1
Customer_5358,1
Customer_3745,1
Customer_2149,1
Customer_5118,1
Customer_6708,1
Customer_6671,1
Customer_4210,1
Customer_4205,1
Customer_5216,1
Customer_1578,1
Customer_5572,1
Customer_445,1
Customer_2579,1
Customer_5245,1
Customer_2088,1
Customer_3956,1
Customer_4988,1
Customer_3861,1
Customer_8412,1
Customer_2392,1
Customer_5464,1
Customer_4514,1
Customer_7652,1
Customer_1597,1
Customer_4102,1
Customer_8765,1
Customer_68,1
Customer_8381,1
Customer_48,1
Customer_1053,1
Customer_4487,1
Customer_3284,1
Customer_2935,1
Customer_603,1
Customer_4610,1
Customer_7841,1
Customer_6337,1
Customer_4660,1
Customer_3269,1
Customer_1467,1
Customer_5876,1
Customer_3107,1
Customer_393,1
Customer_3646,1
Customer_230,1
Customer_1320,1
Customer_41,1
Customer_7363,1
Customer_3918,1
Customer_8140,1
Customer_3847,1
Customer_5282,1
Customer_1530,1
Customer_7478,1
Customer_3668,1
Customer_7341,1
Customer_3538,1
Customer_1323,1
Customer_5461,1
Customer_2110,1
Customer_5958,1
Customer_1491,1
Customer_6260,1
Customer_6187,1
Customer_61,1
Customer_7082,1
Customer_6811,1
Customer_3139,1
Customer_5396,1
Customer_402,1
Customer_332,1
Customer_7647,1
Customer_1009,1
Customer_1168,1
Customer_2287,1
Customer_8102,1
Customer_8411,1
Customer_1965,1
Customer_7439,1
Customer_4288,1
Customer_7321,1
Customer_4454,1
Customer_1721,1
Customer_1438,1
Customer_2867,1
Customer_7217,1
Customer_3898,1
Customer_1334,1
Customer_6800,1
Customer_7175,1
Customer_1659,1
Customer_9028,1
Customer_5799,1
Customer_4771,1
Customer_6280,1
Customer_8014,1
Customer_4056,1
Customer_5518,1
Customer_706,1
Customer_7081,1
Customer_4230,1
Customer_3723,1
Customer_2087,1
Customer_5106,1
Customer_7279,1
Customer_3615,1
Customer_1562,1
Customer_7788,1
Customer_9019,1
Customer_6734,1
Customer_696,1
Customer_1103,1
Customer_473,1
Customer_379,1
Customer_8196,1
Customer_5725,1
Customer_7160,1
Customer_3458,1
Customer_6192,1
Customer_2933,1
Customer_5687,1
Customer_7502,1
Customer_9059,1
Customer_4201,1
Customer_381,1
Customer_8531,1
Customer_3827,1
Customer_2128,1
Customer_3337,1
Customer_4028,1
Customer_2124,1
Customer_2189,1
Customer_4680,1
Customer_6842,1
Customer_58,1
Customer_4393,1
Customer_1155,1
Customer_4309,1
Customer_3703,1
Customer_4466,1
Customer_3332,1
Customer_6382,1
Customer_4541,1
Customer_2029,1
Customer_1193,1
Customer_7347,1
Customer_5736,1
Customer_858,1
Customer_4522,1
Customer_1864,1
Customer_3182,1
Customer_9017,1
Customer_6816,1
Customer_1536,1
Customer_745,1
Customer_4706,1
Customer_8888,1
Customer_6250,1
Customer_8880,1
Customer_3739,1
Customer_7106,1
Customer_5060,1
Customer_2358,1
Customer_6687,1
Customer_6205,1
Customer_5465,1
Customer_5672,1
Customer_5793,1
Customer_6510,1
Customer_6080,1
Customer_1656,1
Customer_6538,1
Customer_1533,1
Customer_2455,1
Customer_3656,1
Customer_5471,1
Customer_4855,1
Customer_1880,1
Customer_8472,1
Customer_5967,1
Customer_7971,1
Customer_5123,1
Customer_7738,1
Customer_214,1
Customer_8580,1
Customer_7857,1
Customer_2304,1
Customer_862,1
Customer_3,1
Customer_6822,1
Customer_3257,1
Customer_3299,1
Customer_4929,1
Customer_181,1
Customer_1618,1
Customer_8459,1
Customer_7709,1
Customer_6232,1
Customer_8029,1
Customer_3151,1
Customer_4550,1
Customer_8726,1
Customer_2861,1
Customer_8973,1
Customer_6592,1
Customer_3573,1
Customer_8106,1
Customer_8736,1
Customer_6427,1
Customer_70,1
Customer_544,1
Customer_3932,1
Customer_835,1
Customer_6571,1
Customer_3813,1
Customer_5409,1
Customer_3772,1
Customer_8840,1
Customer_367,1
Customer_7016,1
Customer_5157,1
Customer_4506,1
Customer_6146,1
Customer_877,1
Customer_7932,1
Customer_196,1
Customer_8899,1
Customer_5035,1
Customer_2275,1
Customer_4081,1
Customer_2063,1
Customer_8860,1
Customer_4342,1
Customer_6405,1
Customer_1544,1
Customer_3884,1
Customer_7263,1
Customer_7563,1
Customer_8555,1
Customer_6826,1
Customer_5747,1
Customer_5533,1
Customer_1432,1
Customer_2894,1
Customer_8636,1
Customer_7934,1
Customer_3309,1
Customer_6170,1
Customer_2183,1
Customer_2887,1
Customer_3102,1
Customer_6876,1
Customer_2577,1
Customer_4475,1
Customer_2759,1
Customer_3463,1
Customer_9092,1
Customer_218,1
Customer_5356,1
Customer_6749,1
Customer_3316,1
Customer_3205,1
Customer_1919,1
Customer_1244,1
Customer_5689,1
Customer_6426,1
Customer_7180,1
Customer_5344,1
Customer_1643,1
Customer_7735,1
Customer_7692,1
Customer_576,1
Customer_5551,1
Customer_8323,1
Customer_2288,1
Customer_1775,1
Customer_1166,1
Customer_4132,1
Customer_2847,1
Customer_415,1
Customer_4204,1
Customer_8371,1
Customer_8862,1
Customer_4994,1
Customer_759,1
Customer_1385,1
Customer_8980,1
Customer_1201,1
Customer_8918,1
Customer_2138,1
Customer_6560,1
Customer_8558,1
Customer_8934,1
Customer_2906,1
Customer_3550,1
Customer_4376,1
Customer_2114,1
Customer_1957,1
Customer_782,1
Customer_543,1
Customer_328,1
Customer_5478,1
Customer_4953,1
Customer_9009,1
Customer_2611,1
Customer_3375,1
Customer_6133,1
Customer_1111,1
Customer_2348,1
Customer_7122,1
Customer_8794,1
Customer_4528,1
Customer_4755,1
Customer_1281,1
Customer_971,1
Customer_2375,1
Customer_7785,1
Customer_7054,1
Customer_4618,1
Customer_4539,1
Customer_3349,1
Customer_970,1
Customer_4463,1
Customer_4254,1
Customer_1278,1
Customer_3948,1
Customer_6310,1
Customer_3881,1
Customer_2627,1
Customer_2191,1
Customer_1282,1
Customer_7705,1
Customer_2900,1
Customer_7414,1
Customer_4362,1
Customer_1437,1
Customer_5865,1
Customer_8790,1
Customer_111,1
Customer_56,1
Customer_5144,1
Customer_7286,1
Customer_2057,1
Customer_1844,1
Customer_2122,1
Customer_7369,1
Customer_6875,1
Customer_8133,1
Customer_3689,1
Customer_6872,1
Customer_7131,1
Customer_2316,1
Customer_2913,1
Customer_1298,1
Customer_4436,1
Customer_740,1
Customer_5298,1
Customer_8085,1
Customer_3123,1
Customer_4100,1
Customer_7010,1
Customer_2614,1
Customer_524,1
Customer_6615,1
Customer_7295,1
Customer_2626,1
Customer_6234,1
Customer_3541,1
Customer_5729,1
Customer_4053,1
Customer_5509,1
Customer_435,1
Customer_6659,1
Customer_8257,1
Customer_308,1
Customer_8961,1
Customer_2968,1
Customer_2456,1
Customer_4239,1
Customer_87,1
Customer_8413,1
Customer_3055,1
Customer_401,1
Customer_3742,1
Customer_1020,1
Customer_881,1
Customer_3333,1
Customer_8929,1
Customer_5889,1
Customer_6853,1
Customer_5965,1
Customer_7364,1
Customer_7525,1
Customer_5277,1
Customer_257,1
Customer_5896,1
Customer_288,1
Customer_6703,1
Customer_7011,1
Customer_7566,1
Customer_8596,1
Customer_476,1
Customer_8430,1
Customer_8351,1
Customer_2574,1
Customer_5379,1
Customer_737,1
Customer_2523,1
Customer_5414,1
Customer_4474,1
Customer_5257,1
Customer_8435,1
Customer_7567,1
Customer_4921,1
Customer_2522,1
Customer_1839,1
Customer_1995,1
Customer_3011,1
Customer_2254,1
Customer_4661,1
Customer_800,1
Customer_4478,1
Customer_1405,1
Customer_69,1
Customer_4734,1
Customer_1586,1
Customer_3014,1
Customer_4619,1
Customer_1074,1
Customer_8248,1
Customer_6925,1
Customer_2692,1
Customer_8275,1
Customer_5067,1
Customer_3279,1
Customer_5206,1
Customer_3842,1
Customer_2436,1
Customer_7308,1
Customer_8898,1
Customer_4633,1
Customer_477,1
Customer_1329,1
Customer_8804,1
Customer_1777,1
Customer_3078,1
Customer_751,1
Customer_4782,1
Customer_6582,1
Customer_4985,1
Customer_4997,1
Customer_3169,1
Customer_468,1
Customer_1545,1
Customer_8464,1
Customer_7975,1
Customer_1025,1
Customer_4228,1
Customer_2465,1
Customer_773,1
Customer_6993,1
Customer_7344,1
Customer_5944,1
Customer_641,1
Customer_4438,1
Customer_7380,1
Customer_1108,1
Customer_2399,1
Customer_1420,1
Customer_2970,1
Customer_4814,1
Customer_4054,1
Customer_6459,1
Customer_1680,1
Customer_5641,1
Customer_633,1
Customer_7759,1
Customer_6742,1
Customer_5593,1
Customer_5071,1
Customer_8406,1
Customer_6206,1
Customer_7302,1
Customer_8442,1
Customer_2943,1
Customer_2252,1
Customer_1172,1
Customer_2960,1
Customer_2569,1
Customer_7278,1
Customer_8746,1
Customer_8514,1
Customer_5665,1
Customer_2337,1
Customer_6452,1
Customer_5790,1
Customer_9018,1
Customer_8040,1
Customer_7711,1
Customer_815,1
Customer_2131,1
Customer_7232,1
Customer_2907,1
Customer_3473,1
Customer_6274,1
Customer_6453,1
Customer_3245,1
Customer_179,1
Customer_8443,1
Customer_3411,1
Customer_7047,1
Customer_4123,1
Customer_1157,1
Customer_6666,1
Customer_1532,1
Customer_8314,1
Customer_1535,1
Customer_8466,1
Customer_4657,1
Customer_2516,1
Customer_5824,1
Customer_6827,1
Customer_6198,1
Customer_7297,1
Customer_1480,1
Customer_4898,1
Customer_8931,1
Customer_9073,1
Customer_3862,1
Customer_1952,1
Customer_7834,1
Customer_4067,1
Customer_1163,1
Customer_7926,1
Customer_9082,1
Customer_7152,1
Customer_3838,1
Customer_6387,1
Customer_3464,1
Customer_1598,1
Customer_5937,1
Customer_300,1
Customer_3071,1
Customer_4003,1
Customer_8300,1
Customer_7065,1
Customer_2301,1
Customer_1359,1
Customer_6867,1
Customer_2688,1
Customer_7242,1
Customer_486,1
Customer_2664,1
Customer_6027,1
Customer_1152,1
Customer_4453,1
Customer_4046,1
Customer_6497,1
Customer_8861,1
Customer_6899,1
Customer_6050,1
Customer_665,1
Customer_2310,1
Customer_6021,1
Customer_642,1
Customer_176,1
Customer_9051,1
Customer_2362,1
Customer_786,1
Customer_5264,1
Customer_8614,1
Customer_8078,1
Customer_91,1
Customer_5485,1
Customer_4738,1
Customer_7387,1
Customer_1971,1
Customer_530,1
Customer_996,1
Customer_2963,1
Customer_4058,1
Customer_3000,1
Customer_1427,1
Customer_8405,1
Customer_7265,1
Customer_6345,1
Customer_7868,1
Customer_2997,1
Customer_2471,1
Customer_2883,1
Customer_2724,1
Customer_4055,1
Customer_3281,1
Customer_3025,1
Customer_7205,1
Customer_3936,1
Customer_3815,1
Customer_694,1
Customer_4710,1
Customer_1738,1
Customer_167,1
Customer_4101,1
Customer_9015,1
Customer_8134,1
Customer_4772,1
Customer_9029,1
Customer_4510,1
Customer_2755,1
Customer_4950,1
Customer_5815,1
Customer_6608,1
Customer_3939,1
Customer_6086,1
Customer_6939,1
Customer_5847,1
Customer_3660,1
Customer_2223,1
Customer_100,1
Customer_6033,1
Customer_6576,1
Customer_3746,1
Customer_2412,1
Customer_5014,1
Customer_8428,1
Customer_7323,1
Customer_1465,1
Customer_4103,1
Customer_7748,1
Customer_1744,1
Customer_5321,1
Customer_5040,1
Customer_2446,1
Customer_8316,1
Customer_3060,1
Customer_8508,1
Customer_4995,1
Customer_5677,1
Customer_5269,1
Customer_8607,1
Customer_2121,1
Customer_5361,1
Customer_7003,1
Customer_7416,1
Customer_3937,1
Customer_5012,1
Customer_6392,1
Customer_1203,1
Customer_3405,1
Customer_1926,1
Customer_6076,1
Customer_7774,1
Customer_4667,1
Customer_4294,1
Customer_2751,1
Customer_4739,1
Customer_4428,1
Customer_805,1
Customer_3593,1
Customer_5651,1
Customer_6458,1
Customer_3889,1
Customer_4035,1
Customer_1242,1
Customer_6022,1
Customer_4603,1
Customer_547,1
Customer_26,1
Customer_4078,1
Customer_3038,1
Customer_7964,1
Customer_1302,1
Customer_5674,1
Customer_8301,1
Customer_3142,1
Customer_1221,1
Customer_8389,1
Customer_437,1
Customer_4932,1
Customer_8149,1
Customer_6188,1
Customer_4890,1
Customer_7781,1
Customer_8791,1
Customer_7207,1
Customer_3424,1
Customer_326,1
Customer_1039,1
Customer_4147,1
Customer_8107,1
Customer_1870,1
Customer_2991,1
Customer_534,1
Customer_2855,1
Customer_6081,1
Customer_585,1
Customer_9055,1
Customer_1703,1
Customer_5981,1
Customer_4608,1
Customer_491,1
Customer_4639,1
Customer_3145,1
Customer_2266,1
Customer_7662,1
Customer_8482,1
Customer_5028,1
Customer_3033,1
Customer_1916,1
Customer_2449,1
Customer_3501,1
Customer_5812,1
Customer_3206,1
Customer_3127,1
Customer_3903,1
Customer_397,1
Customer_1317,1
Customer_5473,1
Customer_121,1
Customer_8198,1
Customer_1566,1
Customer_1984,1
Customer_7980,1
Customer_2173,1
Customer_7942,1
Customer_7476,1
Customer_2333,1
Customer_573,1
Customer_4348,1
Customer_8281,1
Customer_3753,1
Customer_3207,1
Customer_1407,1
Customer_535,1
Customer_6913,1
Customer_7156,1
Customer_1434,1
Customer_2932,1
Customer_1867,1
Customer_1454,1
Customer_7211,1
Customer_3950,1
Customer_1820,1
Customer_51,1
Customer_6747,1
Customer_4525,1
Customer_469,1
Customer_9062,1
Customer_3350,1
Customer_5684,1
Customer_5129,1
Customer_3019,1
Customer_1858,1
Customer_7598,1
Customer_865,1
Customer_5961,1
Customer_4032,1
Customer_4395,1
Customer_5167,1
Customer_3992,1
Customer_425,1
Customer_188,1
Customer_4745,1
Customer_3153,1
Customer_228,1
Customer_4999,1
Customer_1041,1
Customer_3733,1
Customer_3482,1
Customer_4125,1
Customer_1905,1
Customer_8003,1
Customer_801,1
Customer_1487,1
Customer_7200,1
Customer_3465,1
Customer_1128,1
Customer_7954,1
Customer_5875,1
Customer_2208,1
Customer_3007,1
Customer_8047,1
Customer_2945,1
Customer_4411,1
Customer_5491,1
Customer_8764,1
Customer_2144,1
Customer_6117,1
Customer_4174,1
Customer_1632,1
Customer_3202,1
Customer_8543,1
Customer_156,1
Customer_3031,1
Customer_8119,1
Customer_3661,1
Customer_8087,1
Customer_4562,1
Customer_2485,1
Customer_6455,1
Customer_5843,1
Customer_2372,1
Customer_8771,1
Customer_4767,1
Customer_7822,1
Customer_8227,1
Customer_2885,1
Customer_7443,1
Customer_6690,1
Customer_847,1
Customer_7743,1
Customer_7528,1
Customer_6637,1
Customer_8879,1
Customer_756,1
Customer_8349,1
Customer_5369,1
Customer_8333,1
Customer_4416,1
Customer_8366,1
Customer_9046,1
Customer_2061,1
Customer_549,1
Customer_3070,1
Customer_7848,1
Customer_8864,1
Customer_6463,1
Customer_4273,1
Customer_2879,1
Customer_1259,1
Customer_6511,1
Customer_4241,1
Customer_6578,1
Customer_1024,1
Customer_752,1
Customer_3098,1
Customer_8055,1
Customer_1951,1
Customer_4112,1
Customer_351,1
Customer_1511,1
Customer_6771,1
Customer_3322,1
Customer_9053,1
Customer_701,1
Customer_2534,1
Customer_2644,1
Customer_561,1
Customer_2318,1
Customer_8037,1
Customer_6336,1
Customer_8896,1
Customer_8723,1
Customer_8594,1
Customer_1047,1
Customer_3781,1
Customer_414,1
Customer_3710,1
Customer_5288,1
Customer_8836,1
Customer_4753,1
Customer_7336,1
Customer_1469,1
Customer_4838,1
Customer_4022,1
Customer_7767,1
Customer_2271,1
Customer_1583,1
Customer_1412,1
Customer_6322,1
Customer_5391,1
Customer_1722,1
Customer_3077,1
Customer_3459,1
Customer_1507,1
Customer_4372,1
Customer_8330,1
Customer_1321,1
Customer_842,1
Customer_1146,1
Customer_7373,1
Customer_8199,1
Customer_463,1
Customer_1754,1
Customer_9050,1
Customer_8221,1
Customer_8637,1
Customer_4011,1
Customer_8556,1
Customer_5226,1
Customer_378,1
Customer_8644,1
Customer_1335,1
Customer_1223,1
Customer_4763,1
Customer_3161,1
Customer_1350,1
Customer_7272,1
Customer_1811,1
Customer_3467,1
Customer_1351,1
Customer_7590,1
Customer_1894,1
Customer_5492,1
Customer_3185,1
Customer_2673,1
Customer_4196,1
Customer_8401,1
Customer_4607,1
Customer_1189,1
Customer_3647,1
Customer_898,1
Customer_8923,1
Customer_8446,1
Customer_3043,1
Customer_3945,1
Customer_2762,1
Customer_8178,1
Customer_2715,1
Customer_8186,1
Customer_7931,1
Customer_4773,1
Customer_1030,1
Customer_8212,1
Customer_6100,1
Customer_7548,1
Customer_2908,1
Customer_1755,1
Customer_2886,1
Customer_231,1
Customer_6304,1
Customer_2840,1
Customer_4518,1
Customer_6323,1
Customer_7593,1
Customer_3717,1
Customer_2592,1
Customer_2317,1
Customer_3912,1
Customer_1515,1
Customer_216,1
Customer_8267,1
Customer_2263,1
Customer_8845,1
Customer_5798,1
Customer_7531,1
Customer_893,1
Customer_3068,1
Customer_1850,1
Customer_9074,1
Customer_6914,1
Customer_324,1
Customer_1215,1
Customer_6579,1
Customer_6814,1
Customer_1129,1
Customer_3688,1
Customer_3973,1
Customer_4398,1
Customer_208,1
Customer_6153,1
Customer_798,1
Customer_8309,1
Customer_734,1
Customer_5940,1
Customer_2917,1
Customer_1174,1
Customer_3544,1
Customer_4829,1
Customer_1831,1
Customer_6606,1
Customer_7897,1
Customer_6526,1
Customer_8957,1
Customer_198,1
Customer_6419,1
Customer_4705,1
Customer_1097,1
Customer_548,1
Customer_7886,1
Customer_3105,1
Customer_4922,1
Customer_7117,1
Customer_4689,1
Customer_2314,1
Customer_5504,1
Customer_5697,1
Customer_4906,1
Customer_2825,1
Customer_6788,1
Customer_6505,1
Customer_616,1
Customer_1118,1
Customer_937,1
Customer_2572,1
Customer_622,1
Customer_6921,1
Customer_7457,1
Customer_3295,1
Customer_7953,1
Customer_7379,1
Customer_8809,1
Customer_5722,1
Customer_4913,1
Customer_3617,1
Customer_2201,1
Customer_1160,1
Customer_7802,1
Customer_8851,1
Customer_5165,1
Customer_2876,1
Customer_478,1
Customer_1352,1
Customer_3721,1
Customer_8355,1
Customer_2647,1
Customer_7246,1
Customer_2948,1
Customer_4240,1
Customer_6556,1
Customer_1033,1
Customer_7540,1
Customer_6698,1
Customer_2598,1
Customer_3834,1
Customer_7020,1
Customer_3298,1
Customer_3080,1
Customer_4830,1
Customer_5780,1
Customer_3509,1
Customer_1425,1
Customer_6962,1
Customer_1871,1
Customer_480,1
Customer_8766,1
Customer_5529,1
Customer_527,1
Customer_8182,1
Customer_4237,1
Customer_7288,1
Customer_220,1
Customer_8383,1
Customer_4575,1
Customer_7399,1
Customer_7533,1
Customer_3003,1
Customer_8336,1
Customer_5398,1
Customer_8690,1
Customer_2868,1
Customer_5818,1
Customer_5792,1
Customer_2391,1
Customer_6244,1
Customer_8647,1
Customer_1983,1
Customer_9067,1
Customer_1554,1
Customer_8299,1
Customer_3210,1
Customer_4191,1
Customer_6378,1
Customer_3653,1
Customer_1677,1
Customer_3085,1
Customer_4332,1
Customer_901,1
Customer_5899,1
Customer_2296,1
Customer_6990,1
Customer_296,1
Customer_7851,1
Customer_57,1
Customer_5987,1
Customer_5303,1
Customer_7183,1
Customer_5527,1
Customer_2676,1
Customer_6682,1
Customer_5544,1
Customer_2753,1
Customer_6332,1
Customer_295,1
Customer_2580,1
Customer_6107,1
Customer_5711,1
Customer_648,1
Customer_1370,1
Customer_9000,1
Customer_5785,1
Customer_4271,1
Customer_7923,1
Customer_5633,1
Customer_8432,1
Customer_681,1
